op,calls,self_cpu_us,pct_of_host_time
cudaStreamSynchronize,5,109342.69800000002,38.0
cudaLaunchKernel,2730,28800.242999999948,10.0
cudaDeviceSynchronize,2,28019.860000000044,9.7
aten::addmm,500,18512.706000000144,6.4
aten::bmm,240,9450.004999999745,3.3
aten::copy_,985,8924.994999998904,3.1
aten::empty,1090,6986.282000000004,2.4
aten::add,485,6603.254999999972,2.3
aten::linear,500,5164.0949999992135,1.8
aten::repeat,120,3754.3239999999532,1.3
aten::div,190,3718.8240000002834,1.3
aten::as_strided,3055,3485.58800000046,1.2
